<?xml version="1.0" encoding="UTF-8"?>
<project-private xmlns="http://www.netbeans.org/ns/project-private/1">
    <editor-bookmarks xmlns="http://www.netbeans.org/ns/editor-bookmarks/2" lastBookmarkId="0"/>
    <open-files xmlns="http://www.netbeans.org/ns/projectui-open-files/2">
        <group>
            <file>file:/C:/Users/abdul/OneDrive%20-%20Cardiff%20Metropolitan%20University/Year%203/Advanced%20Programming/SmartCityProject/SmartCityProject/SmartCity/src/models/Roles.java</file>
            <file>file:/C:/Users/abdul/OneDrive%20-%20Cardiff%20Metropolitan%20University/Year%203/Advanced%20Programming/SmartCityProject/SmartCityProject/SmartCity/src/ui/SignUpFrame.java</file>
            <file>file:/C:/Users/abdul/OneDrive%20-%20Cardiff%20Metropolitan%20University/Year%203/Advanced%20Programming/SmartCityProject/SmartCityProject/SmartCity/src/models/User.java</file>
        </group>
    </open-files>
</project-private>
